{
  "accuracy": 0.9833333333333333,
  "f1": 0.9833234067897558,
  "roc_auc": 0.9978815901360545
}